Data,Otwarcie,Zamknięcie,Maks.,Min.,Obrót (mln. zł),Zmiana (%)
25/03/2019,8315,8420,8500,8235,16.96,0
25/03/2019,8315,8420,8500,8235,16.96,0.84
22/03/2019,8450,8350,8510,8300,18.52,-1.82
21/03/2019,8425,8505,8545,8355,19.52,0.95
20/03/2019,8375,8425,8435,8370,9.47,0.6
19/03/2019,8410,8375,8440,8335,9.9,-0.18
18/03/2019,8395,8390,8540,8300,9.67,-0.06
15/03/2019,8350,8395,8525,8345,57.66,0.18
14/03/2019,8380,8380,8400,8300,25.91,0.3
13/03/2019,8155,8355,8370,8155,34.87,1.09
12/03/2019,8130,8265,8275,8055,17.85,2.73
11/03/2019,7915,8045,8125,7900,11.66,2.29
08/03/2019,8095,7865,8100,7825,11.74,-3.26
07/03/2019,8045,8130,8210,8040,10.25,0.37
06/03/2019,8000,8100,8125,7950,8.45,1.25
05/03/2019,7965,8000,8050,7965,11.02,0.13
04/03/2019,8035,7990,8085,7955,12.18,0.19
01/03/2019,8245,7975,8315,7975,13.59,-2.21
28/02/2019,7990,8155,8240,7925,33.21,2.32
27/02/2019,8065,7970,8110,7910,18.06,-1.91
26/02/2019,8200,8125,8200,7965,28.48,-0.61
25/02/2019,8095,8175,8255,7915,18.28,2.96
22/02/2019,7640,7940,7945,7640,19.97,3.93
21/02/2019,7700,7640,7815,7590,19.28,-0.13
20/02/2019,7720,7650,7800,7555,25.74,-0.97
19/02/2019,7790,7725,7855,7685,15.33,-0.83
18/02/2019,7755,7790,7890,7745,9.26,0.45
15/02/2019,7670,7755,7840,7630,11.18,1.37
14/02/2019,7850,7650,7900,7620,22.62,-1.92
13/02/2019,8105,7800,8220,7750,17.95,-3.76
12/02/2019,8135,8105,8225,8050,10.12,-0.18
11/02/2019,8105,8120,8240,8105,4.13,0.19
08/02/2019,8270,8105,8345,8105,7.39,-2.35
07/02/2019,8245,8300,8400,8210,7.35,-0.54
06/02/2019,8310,8345,8450,8290,11.2,-0.18
05/02/2019,8330,8360,8425,8180,14.53,0.36
04/02/2019,8375,8330,8600,8245,8.64,-0.24
01/02/2019,8375,8350,8395,8225,12.25,-0.24
31/01/2019,8080,8370,8435,8020,23.98,3.98
30/01/2019,8175,8050,8250,7910,25.15,-0.62
29/01/2019,8350,8100,8405,8065,22.68,-3.23
28/01/2019,8700,8370,8720,8270,17.86,-3.29
25/01/2019,8600,8655,8695,8405,25.47,0.46
24/01/2019,8330,8615,8615,8325,23.13,3.42
23/01/2019,8050,8330,8415,7955,17.72,3.16
22/01/2019,7950,8075,8090,7950,10.86,1.57
21/01/2019,8075,7950,8075,7865,6,-2.27
18/01/2019,8000,8135,8170,7975,13.91,1.81
17/01/2019,7800,7990,8085,7800,20.37,1.14
16/01/2019,7800,7900,7935,7675,27.84,2.6
15/01/2019,7815,7700,7820,7690,20.07,-0.77
14/01/2019,7845,7760,7845,7640,14.34,-1.15
11/01/2019,7900,7850,7935,7765,19.75,-0.57
10/01/2019,7950,7895,7955,7800,30.75,-1.5
09/01/2019,7990,8015,8065,7920,16.02,0.31
08/01/2019,8060,7990,8085,7870,17.64,-1.84
07/01/2019,7840,8140,8150,7815,29.71,4.29
04/01/2019,7720,7805,7835,7680,25.71,1.69
03/01/2019,7870,7675,7885,7530,33.47,-2.23
02/01/2019,7800,7850,7975,7660,9.89,0
31/12/2018,7850,7850,7850,7850,0,0
28/12/2018,7790,7850,7920,7700,15.75,1.75
27/12/2018,7780,7715,7800,7645,19.04,-0.84
24/12/2018,7780,7780,7780,7780,0,0
21/12/2018,7940,7780,8075,7705,55.06,-2.93
20/12/2018,8130,8015,8290,7930,19.91,-3.26
19/12/2018,7990,8285,8305,7970,33.7,4.21
18/12/2018,7645,7950,7960,7635,31.93,4.33
17/12/2018,7720,7620,7750,7615,13.98,-0.46
14/12/2018,7845,7655,7915,7655,23.56,-2.42
13/12/2018,7705,7845,7870,7610,32.8,2.15
12/12/2018,7520,7680,7800,7485,24.31,1.39
11/12/2018,7795,7575,7795,7560,32.2,-2.63
10/12/2018,7760,7780,7780,7540,15.47,0.32
07/12/2018,7895,7755,7895,7675,14.46,-1.27
06/12/2018,7945,7855,7945,7600,29.58,-1.69
05/12/2018,7650,7990,7990,7550,17.92,3.36
04/12/2018,7720,7730,7770,7525,26.58,0.39
03/12/2018,7920,7700,7925,7700,15.29,-1.53
30/11/2018,7715,7820,7850,7615,19.87,1.36
29/11/2018,7900,7715,7900,7590,20.29,-1.09
28/11/2018,7650,7800,7845,7645,16.1,1.96
27/11/2018,7650,7650,7720,7540,15.61,0
26/11/2018,7975,7650,7985,7625,9.27,-4.08
23/11/2018,7845,7975,7975,7660,7.67,1.59
22/11/2018,7780,7850,7945,7780,14.77,-0.38
21/11/2018,7505,7880,7950,7505,31.46,4.23
20/11/2018,7625,7560,7730,7500,17.69,-0.4
19/11/2018,7590,7590,7660,7450,25.21,-0.39
16/11/2018,7555,7620,7690,7435,22.13,1.13
15/11/2018,7500,7535,7745,7500,5.68,-0.07
14/11/2018,7600,7540,7715,7440,14.06,-0.33
13/11/2018,7760,7565,7835,7450,12.03,-3.38
12/11/2018,7830,7830,7830,7830,0,0
09/11/2018,8260,7830,8260,7795,9.27,-5.38
08/11/2018,8435,8275,8570,8265,9.53,-2.59
07/11/2018,8170,8495,8555,8165,14.96,3.09
06/11/2018,8200,8240,8370,8155,7.73,-0.42
05/11/2018,8020,8275,8315,7990,7.49,2.73
02/11/2018,7850,8055,8185,7850,26.46,2.61
31/10/2018,7790,7850,7910,7680,21.85,0.77
30/10/2018,7960,7790,7960,7735,11.33,-2.2
29/10/2018,7820,7965,7965,7650,14.77,-0.56
25/10/2018,7900,8010,8075,7900,14.13,0.75
24/10/2018,7900,7950,8040,7845,12.06,0.19
23/10/2018,7960,7935,8000,7855,11.82,-1.06
22/10/2018,8085,8020,8135,7900,6.98,0.19
19/10/2018,8125,8005,8160,7975,13.46,-1.48
18/10/2018,8360,8125,8360,8115,13.8,-2.23
17/10/2018,8570,8310,8570,8235,18.81,-2.18
16/10/2018,8500,8495,8600,8380,31.36,-0.06
15/10/2018,8360,8500,8575,8360,16.58,0.71
12/10/2018,8360,8440,8510,8280,26.66,2.68
11/10/2018,8505,8220,8510,8160,23.58,-3.35
10/10/2018,8590,8505,8605,8465,21.44,-0.99
09/10/2018,8680,8590,8705,8560,16.8,-0.75
08/10/2018,8740,8655,8755,8655,24.34,-0.97
05/10/2018,8635,8740,8740,8520,29.41,1.33
04/10/2018,8620,8625,8670,8570,28.54,-0.46
03/10/2018,8760,8665,8795,8575,10.1,-0.8
02/10/2018,8630,8735,8735,8605,17.98,1.75
01/10/2018,8675,8585,8750,8585,11.3,-0.46
28/09/2018,8780,8625,8820,8570,24.86,-1.77
27/09/2018,8800,8780,8830,8715,21.42,0.63
26/09/2018,8845,8725,8900,8710,11.37,-0.23
25/09/2018,8885,8745,8950,8745,23.72,-0.63
24/09/2018,8750,8800,8890,8720,30.2,1.15
21/09/2018,8640,8700,8930,8570,318.15,1.22
20/09/2018,8835,8595,8875,8570,41.49,-2.72
19/09/2018,8740,8835,8890,8540,38.7,1.14
18/09/2018,8735,8735,8905,8675,16.6,-0.17
17/09/2018,8870,8750,8955,8730,19.03,-1.35
14/09/2018,9045,8870,9045,8790,13.11,-1.55
13/09/2018,8990,9010,9050,8950,22.47,0.22
12/09/2018,8930,8990,9070,8900,59.02,-0.66
11/09/2018,9045,9050,9070,8930,52.22,0.56
10/09/2018,9040,9000,9040,8930,21.91,0
07/09/2018,8900,9000,9050,8900,34.41,0.73
06/09/2018,8910,8935,9065,8880,33.04,0.96
05/09/2018,9150,8850,9220,8850,32.54,-3.28
04/09/2018,9335,9150,9490,9135,31.19,-1.51
03/09/2018,9305,9290,9345,9030,10.51,0.92
31/08/2018,9315,9205,9430,9205,36.29,-2.28
30/08/2018,9350,9420,9535,9305,14.85,-1.26
29/08/2018,9490,9540,9555,9230,43.35,0.42
28/08/2018,9110,9500,9560,9100,37.26,4.28
27/08/2018,8930,9110,9170,8930,15.72,1.62
24/08/2018,8930,8965,9000,8870,6.99,0.06
23/08/2018,8870,8960,9045,8830,19.26,0.56
22/08/2018,9050,8910,9050,8790,10.29,-0.72
21/08/2018,8690,8975,9030,8685,13.45,3.4
20/08/2018,8785,8680,8820,8650,11.85,-0.46
17/08/2018,8750,8720,8830,8700,10.32,-0.63
16/08/2018,9060,8775,9060,8710,18.57,-2.93
14/08/2018,8680,9040,9040,8680,25.7,4.21
13/08/2018,8700,8675,8770,8560,17.07,-0.29
10/08/2018,8775,8700,8780,8660,25.65,-1.36
09/08/2018,8905,8820,8910,8750,9.56,-0.34
08/08/2018,9060,8850,9100,8830,17.3,-2.32
07/08/2018,8915,9060,9145,8915,12.66,1.51
06/08/2018,9065,8925,9065,8920,9.26,-1.38
03/08/2018,9095,9050,9105,8920,11.25,-0.55
02/08/2018,9040,9100,9185,8915,16.38,0.55
01/08/2018,9060,9050,9060,8710,14.01,0.84
31/07/2018,9150,8975,9240,8960,19.8,-2.18
30/07/2018,9090,9175,9235,9055,25.06,0.82
27/07/2018,9080,9100,9100,9025,9.57,-0.49
26/07/2018,9085,9145,9150,9030,54.52,1.27
25/07/2018,9020,9030,9080,8920,15.22,1.92
24/07/2018,8960,8860,9075,8840,12.66,-1.17
23/07/2018,9090,8965,9090,8915,9.11,-0.94
20/07/2018,8850,9050,9120,8850,24.05,0.39
19/07/2018,8920,9015,9045,8835,13.08,0.45
18/07/2018,9040,8975,9120,8900,8.29,-1.37
17/07/2018,9070,9100,9100,9000,27.7,0.78
16/07/2018,9040,9030,9125,8985,9.28,-0.82
13/07/2018,9075,9105,9150,8965,14.26,0.28
12/07/2018,9030,9080,9155,9015,23.59,0.72
11/07/2018,8930,9015,9085,8870,8.99,-0.17
10/07/2018,8920,9030,9150,8810,20.5,0.5
09/07/2018,8790,8985,8985,8655,9.68,3.28
06/07/2018,8650,8700,8760,8515,35.53,0.58
05/07/2018,8830,8650,8995,8515,17.71,-2.81
04/07/2018,9040,8900,9040,8840,5.2,-1.66
03/07/2018,8745,9050,9115,8680,18.44,5.6
02/07/2018,8390,8570,8645,8310,6.86,1
29/06/2018,8760,8485,8830,8475,42.38,-2.02
28/06/2018,9000,8660,9035,8610,34.04,-3.29
27/06/2018,9000,8955,9085,8810,27.72,-1.16
26/06/2018,9145,9060,9155,9020,26.37,-0.49
25/06/2018,9050,9105,9275,9050,16.2,-0.33
22/06/2018,9050,9135,9250,9045,24.96,1.61
21/06/2018,9050,8990,9170,8870,33.81,-0.66
20/06/2018,8920,9050,9150,8810,20.14,2.96
19/06/2018,8860,8790,8985,8680,25.7,-0.79
18/06/2018,9005,8860,9115,8665,20.1,-1.83
15/06/2018,9075,9025,9235,9015,44.92,-0.61
14/06/2018,9040,9080,9140,9020,25.48,-1.2
13/06/2018,9215,9190,9300,9110,22.2,-0.27
12/06/2018,8920,9215,9245,8920,23.07,3.42
11/06/2018,8900,8910,9075,8900,15.91,-0.94
08/06/2018,9005,8995,9175,8840,35.11,-0.66
07/06/2018,9115,9055,9200,9050,7.31,-0.77
06/06/2018,9290,9125,9290,9115,14.31,-1.67
05/06/2018,9280,9280,9290,9055,21.25,-0.64
01/06/2018,9300,9340,9445,9175,18.97,-0.85
30/05/2018,9320,9420,9490,9225,52.27,-0.16
29/05/2018,9300,9435,9470,9105,10.31,0.75
28/05/2018,9315,9365,9500,9315,6.75,-1.37
25/05/2018,9300,9495,9500,9250,14.85,1.44
24/05/2018,9050,9360,9400,8895,13.75,2.91
23/05/2018,9290,9095,9400,9035,18.4,-2.73
22/05/2018,9300,9350,9505,9085,18.16,0.54
21/05/2018,8930,9300,9505,8930,19.68,3.45
18/05/2018,9280,8990,9365,8950,16.47,-3.13
17/05/2018,9465,9280,9505,9200,16.08,-2.78
16/05/2018,9390,9545,9590,9295,8.98,0.85
15/05/2018,9770,9465,9840,9450,15.67,-4.3
14/05/2018,9615,9890,9915,9600,18.13,2.49
11/05/2018,9450,9650,9700,9350,19.18,2.66
10/05/2018,9350,9400,9455,9255,25.32,0.53
09/05/2018,9255,9350,9495,9200,9.88,0.97
08/05/2018,9280,9260,9380,9130,13.12,-0.22
07/05/2018,9265,9280,9540,9205,7.75,0.16
04/05/2018,9300,9265,9445,9130,27.25,-2.27
02/05/2018,9170,9480,9505,9170,23.73,3.38
30/04/2018,9090,9170,9260,9090,23.69,0.11
27/04/2018,9190,9160,9275,9090,17.52,-0.76
26/04/2018,9060,9230,9295,9060,34.68,1.21
25/04/2018,9140,9120,9345,9065,21.21,-0.87
24/04/2018,9435,9200,9435,9200,21.81,-1.34
23/04/2018,9325,9325,9460,9200,15.1,0.05
20/04/2018,9320,9320,9500,9285,15.09,0.32
19/04/2018,9200,9290,9350,9140,13.47,0.16
18/04/2018,8955,9275,9285,8955,19.03,3
17/04/2018,8950,9005,9180,8945,12.52,0.45
16/04/2018,8915,8965,8965,8750,12.8,0.67
13/04/2018,8680,8905,8925,8675,16.6,3.19
12/04/2018,8455,8630,8630,8340,24.28,2.37
11/04/2018,8740,8430,8785,8250,54.01,-3.16
10/04/2018,8770,8705,8860,8550,46.51,-0.74
09/04/2018,9070,8770,9070,8650,27.9,-2.28
06/04/2018,8840,8975,9040,8840,24.6,0.84
05/04/2018,8920,8900,9040,8665,26.48,1.31
04/04/2018,8765,8785,8825,8610,16.57,0.23
03/04/2018,8755,8765,8935,8550,18.24,0.75
29/03/2018,9050,8700,9050,8650,25.91,-3.33
28/03/2018,9120,9000,9120,8860,22.61,-0.99
27/03/2018,9100,9090,9220,9060,13.52,1
26/03/2018,9000,9000,9155,8820,7.63,0.11
23/03/2018,8800,8990,9070,8775,23.07,1.01
22/03/2018,8950,8900,9010,8715,31.56,-0.95
21/03/2018,8955,8985,9145,8730,22.9,-0.17
20/03/2018,8750,9000,9195,8645,11.77,4.05
19/03/2018,9010,8650,9010,8520,8.61,-4.42
16/03/2018,9235,9050,9345,8740,70.63,-2.64
15/03/2018,9200,9295,9450,9120,19.05,1.31
14/03/2018,9345,9175,9515,9175,13.19,-1.87
13/03/2018,9275,9350,9495,9180,16.93,0.54
12/03/2018,9260,9300,9365,9100,11.42,1.64
09/03/2018,9340,9150,9345,8935,14.3,-2.09
08/03/2018,9385,9345,9465,9220,9.13,-0.16
07/03/2018,8925,9360,9430,8825,29.55,4.82
06/03/2018,8785,8930,9060,8755,19.54,3.54
05/03/2018,8630,8625,8695,8360,16.47,0.06
02/03/2018,8635,8620,8695,8460,18.77,-0.46
01/03/2018,8950,8660,9010,8615,38.45,-3.94
28/02/2018,9320,9015,9400,8960,27.54,-4.15
27/02/2018,9550,9405,9740,9350,22.41,-0.58
26/02/2018,9545,9460,9550,9325,12.59,-0.32
23/02/2018,9420,9490,9525,9350,11.09,0.96
22/02/2018,9190,9400,9500,9190,28,0.27
21/02/2018,9305,9375,9530,9210,13.67,-0.27
20/02/2018,9285,9400,9400,9285,6.18,0.37
19/02/2018,9500,9365,9555,9290,11.67,-0.9
16/02/2018,9740,9450,9740,9360,11.85,-0.58
15/02/2018,9655,9505,9805,9495,16.15,0.05
14/02/2018,9400,9500,9510,9210,11.23,2.04
13/02/2018,9315,9310,9330,9075,14.49,-0.05
12/02/2018,9490,9315,9490,9240,10.97,0.54
09/02/2018,9720,9265,9780,9230,17.87,-4.68
08/02/2018,9845,9720,10060,9660,23.51,-1.07
07/02/2018,9555,9825,9845,9485,33.93,2.93
06/02/2018,9695,9545,9820,9485,24.24,-4.07
05/02/2018,9825,9950,10080,9825,29.34,0
02/02/2018,9755,9950,9965,9675,18.07,1.63
01/02/2018,9750,9790,9900,9630,16.03,0.62
31/01/2018,9875,9730,9915,9660,22.69,-1.22
30/01/2018,9850,9850,10000,9800,21.56,-0.71
29/01/2018,9880,9920,10080,9820,19.86,0.4
26/01/2018,9895,9880,9950,9840,9.96,-0.15
25/01/2018,9870,9895,10100,9790,34.39,0.46
24/01/2018,9830,9850,9905,9785,18.12,-0.51
23/01/2018,9950,9900,10000,9720,30.94,0.46
22/01/2018,9940,9855,9940,9805,14.73,0.05
19/01/2018,9865,9850,9915,9815,11.5,-0.35
18/01/2018,9995,9885,9995,9855,21.33,-0.55
17/01/2018,9800,9940,10060,9800,35.62,0.81
16/01/2018,9705,9860,10100,9560,43.35,1.65
15/01/2018,9655,9700,9780,9520,6.21,0.73
12/01/2018,9510,9630,9695,9445,44.11,2.01
11/01/2018,9485,9440,9535,9290,50.27,0.43
10/01/2018,10000,9400,10000,9270,64.24,-5.05
09/01/2018,10230,9900,10330,9705,40.89,-2.65
08/01/2018,10150,10170,10200,9960,30.94,0.69
05/01/2018,9990,10100,10190,9990,44.43,1.1
04/01/2018,9190,9990,10010,9185,97.15,28.86
19/10/2017,7904.75,7752.35,8031.1,7686.6,29.79,-2.61
18/10/2017,8135.6,7960,8241.4,7953.4,16.92,-2.16
17/10/2017,8308.05,8135.6,8375,8108,10.78,-2.57
16/10/2017,8349,8350,8498.1,8323.05,10.26,0.56
13/10/2017,8500,8303.25,8500,8303.25,4.01,-1.28
12/10/2017,8530,8411.25,8566.8,8411.25,19.91,-1.16
11/10/2017,8550,8510,8640,8458.85,35.63,0.71
10/10/2017,8379.95,8450,8563.75,8335,22.67,0.19
09/10/2017,8396.95,8433.6,8433.6,8301,5.33,1.74
06/10/2017,8370,8289.55,8390,8131,24.9,-1.47
05/10/2017,8449,8412.9,8539.6,8382.1,14.7,0.51
04/10/2017,8581.2,8370,8700,8370,12.21,-2.46
03/10/2017,8530,8581.15,8581.15,8325.55,24.9,1.26
02/10/2017,8293.8,8474.5,8587.1,8241.55,33.78,3.7
29/09/2017,8163.65,8172.05,8285,8141.8,16.1,0.8
28/09/2017,8200,8107.4,8450,8087.3,23.21,-1.24
27/09/2017,8370,8209,8370,8190,18.63,-1.1
26/09/2017,8577.35,8300,8577.35,8240.1,15.86,-3.49
25/09/2017,8800,8599.95,8882,8563.35,11.07,-2.05
22/09/2017,8870,8780,8900,8700.15,10.24,-0.2
21/09/2017,8770.7,8798,8888,8719.65,15.8,0.31
20/09/2017,8799.95,8770.7,8880,8635.65,15.35,-0.65
19/09/2017,8792.25,8828,8877.9,8720.05,18.03,-0.25
18/09/2017,8789,8850,8937.15,8702.05,12.93,2.13
15/09/2017,8981,8665.5,9049.9,8665.5,100.53,-3.89
14/09/2017,8928,9015.9,9104.8,8928,80.07,0.98
13/09/2017,8899.85,8928.8,9061.75,8884.1,105.01,0.33
12/09/2017,8647.05,8899.85,8980,8604.5,31.33,4.3
11/09/2017,8620,8533.1,8661.1,8511.15,11.95,-0.78
08/09/2017,8549,8600,8620,8503.6,16.91,0.35
07/09/2017,8488.45,8570,8630,8477.8,20.45,0.82
06/09/2017,8323,8499.9,8545.25,8312.75,11.69,2.13
05/09/2017,8402.2,8323,8520,8320,8.18,-0.94
04/09/2017,8580.05,8402.2,8580.05,8203,13.04,-2.02
01/09/2017,8733,8575.65,8797.95,8515.95,22.71,-1.39
31/08/2017,8495.08,8696.65,8696.65,8487.86,31.31,3.34
30/08/2017,8340.71,8415.41,8594.27,8216.22,26.35,1.68
29/08/2017,8125.95,8275.98,8354.56,8125.95,27.66,1.25
28/08/2017,8056.58,8173.75,8216.22,7997.13,24.79,0.96
25/08/2017,7930.75,8096.42,8101.2,7877.77,17.76,2.78
24/08/2017,7618.68,7877.62,7877.62,7618.68,23.45,3.79
23/08/2017,7636.66,7589.6,7708.16,7548.97,4.23,-0.61
22/08/2017,7642.63,7636.56,7738.49,7607.58,6.37,-0.16
21/08/2017,7628.59,7648.56,7683.37,7568.94,4.78,0.4
18/08/2017,7618.68,7618.13,7628.89,7469.29,7.39,0.58
17/08/2017,7459.34,7574.11,7618.18,7459.34,14.92,1.04
16/08/2017,7668.48,7496.04,7696.96,7474.32,14.65,-1.4
14/08/2017,7568.89,7602.25,7688.39,7568.89,6.65,1.11
11/08/2017,7598.76,7519.09,7638.6,7420.65,11.02,-1.5
10/08/2017,7648.56,7633.62,7697.21,7588.85,9.09,-0.45
09/08/2017,7648.56,7668.48,7715.08,7581.14,11.92,0
08/08/2017,7519.14,7668.38,7688.15,7509.08,21.37,1.99
07/08/2017,7235.26,7519.09,7578.84,7235.26,24.84,5.01
04/08/2017,6925.58,7160.56,7162.41,6921.6,10.57,3.38
03/08/2017,6951.52,6926.28,7021.14,6906.61,6.13,-0.35
02/08/2017,7095.83,6950.88,7130.64,6950.88,9.11,-1.7
01/08/2017,7067.9,7070.93,7112.81,6915.47,13.2,1.43
31/07/2017,6924.53,6971.34,7150.51,6913.58,17.92,-0.2
28/07/2017,6971.09,6985.23,6990.26,6822.11,7.48,0.2
27/07/2017,6971.34,6971.09,7090.85,6909.05,19.83,0
26/07/2017,6968.35,6971.34,7000.22,6802.09,26.9,0.72
25/07/2017,6900.23,6921.55,6937.18,6851.83,8.72,0
24/07/2017,6845.21,6921.55,7009.09,6845.21,10.98,1.77
21/07/2017,6931.46,6801.19,7001.22,6801.19,4.41,-1.58
20/07/2017,7115.6,6910.59,7115.6,6867.17,14.15,-1.43
19/07/2017,6971.34,7011.18,7110.62,6944.7,10.41,0.86
18/07/2017,6931.51,6951.42,7039.91,6821.96,11.63,0.32
17/07/2017,6991.26,6929.41,7071.68,6921.55,14.56,-0.02
14/07/2017,7090.85,6930.51,7170.52,6792.13,16.52,-0.53
13/07/2017,6871.8,6967.36,6991.26,6871.8,11.84,0.59
12/07/2017,6728.49,6926.53,6961.38,6708.17,14.9,3.65
11/07/2017,6720.37,6682.53,6752.09,6682.53,2.62,0.13
10/07/2017,6921.5,6673.57,6921.5,6672.57,6.4,-2.04
07/07/2017,6772.16,6812.74,6920.7,6722.51,8.08,1.31
06/07/2017,6889.63,6724.71,7070.93,6687.76,9.09,-2.77
05/07/2017,6971.99,6916.57,6986.63,6861.79,9.21,-0.5
04/07/2017,7050.91,6951.42,7070.93,6872.05,6.33,-1.21
03/07/2017,7120.73,7036.72,7140.6,6925.38,12.89,-1.18
30/06/2017,7136.81,7120.73,7165.54,6982.6,10.69,0.46
29/06/2017,7145.63,7087.91,7168.48,7082.09,11.67,-1.15
28/06/2017,7129.69,7170.52,7252.19,7079.05,14.82,0.11
27/06/2017,6871.75,7162.85,7169.28,6871.75,29.93,3.98
26/06/2017,6770.12,6888.58,7128.45,6766.83,11.37,3.26
23/06/2017,6603.8,6671.08,6752.29,6523.23,11.56,1.02
22/06/2017,6563.17,6603.7,6603.7,6478.42,12.11,1.25
21/06/2017,6572.98,6522.09,6573.08,6459.7,32.87,-1.89
20/06/2017,6603.65,6647.67,6682.53,6572.98,11.54,-0.37
19/06/2017,6642.64,6672.57,6682.08,6523.18,20.1,1.66
16/06/2017,6592.9,6563.87,6705.34,6563.87,58.77,-1.42
14/06/2017,6596.88,6658.73,6672.52,6582.89,26.69,0.54
13/06/2017,6549.53,6622.82,6722.37,6531.55,17.72,0.76
12/06/2017,6620.14,6572.98,6620.14,6523.33,11.37,-0.03
09/06/2017,6622.73,6574.97,6655.59,6532.15,12.2,-0.84
08/06/2017,6672.52,6630.74,6672.52,6446.55,18.33,0.12
07/06/2017,6575.52,6622.77,6687.51,6575.52,22.09,0
06/06/2017,6513.23,6622.77,6681.04,6370.21,19.75,2.31
05/06/2017,6493.36,6473.39,6622.73,6424.59,10.34,-2.26
02/06/2017,6342.23,6622.77,6642.44,6334.11,21.14,4.56
01/06/2017,6291.44,6334.11,6388.74,6178.8,14.78,1.42
31/05/2017,6304.04,6245.23,6322.26,6178.65,19.62,-0.7
30/05/2017,6423.54,6289.2,6423.54,6218.89,9.22,-1.57
29/05/2017,6408.61,6389.73,6433.45,6324,3.97,-0.31
26/05/2017,6458.45,6409.8,6458.45,6276.25,7.62,-0.75
25/05/2017,6373.9,6458.45,6458.45,6304.08,23.64,2.71
24/05/2017,6284.17,6288.35,6303.39,6100.92,12.28,0.07
23/05/2017,6294.13,6284.22,6333.96,6274.21,8.63,-0.82
22/05/2017,6346.86,6335.95,6391.68,6250.36,15.7,-0.2
19/05/2017,6129.8,6348.35,6393.42,6129.8,13.72,2.35
18/05/2017,6075.03,6202.7,6221.18,6075.03,23.09,1.27
17/05/2017,6035.19,6124.82,6299.06,6025.08,21.58,0
16/05/2017,6107.89,6124.82,6263.5,6064.97,14.85,0
15/05/2017,6174.62,6124.82,6174.62,6097.04,8.84,0
12/05/2017,6174.67,6124.82,6214.4,6091.96,13.7,-0.81
11/05/2017,6199.61,6174.62,6273.21,6095.94,21,-0.24
10/05/2017,6423.59,6189.56,6495.3,6184.68,23,-3.8
09/05/2017,6352.88,6434.05,6434.05,6325.65,11.8,1.42
08/05/2017,6204.49,6344.02,6411.74,6114.86,7.57,1.6
05/05/2017,6173.62,6244.33,6285.06,5958.9,24,1.36
04/05/2017,6541.16,6160.48,6571.98,5985.44,52.08,-5.92
02/05/2017,6704.44,6548.33,6821.91,6498.14,20.33,-5.26
28/04/2017,6850.39,6911.59,6961.38,6797.56,15.1,0.19
27/04/2017,6885.79,6898.64,6901.63,6784.91,15.35,-0.04
26/04/2017,6711.71,6901.63,6901.63,6604.8,14.33,2.08
25/04/2017,6638.76,6760.86,6821.91,6548.18,14.39,2.54
24/04/2017,6870.41,6593.3,6901.63,6572.98,12.14,-3.63
21/04/2017,6821.91,6841.87,6870.71,6762.7,11.44,-0.43
20/04/2017,6752.19,6871.7,6871.75,6638.86,13.92,1.75
19/04/2017,6586.08,6753.49,6782.07,6555.2,14.69,2.03
18/04/2017,6453.32,6619.39,6640.45,6386.84,8.63,3.91
13/04/2017,6373.85,6370.21,6438.48,6334.81,4.91,-0.16
12/04/2017,6288.75,6380.62,6423.54,6254.34,10.09,1.46
11/04/2017,6229.44,6288.75,6471.05,6187.22,17.56,0.76
10/04/2017,6417.52,6241.14,6417.67,6241.14,8.16,-2.08
07/04/2017,6463.43,6373.75,6496.59,6303.04,14.1,-1.21
06/04/2017,6404.92,6452.13,6452.13,6325.6,5.43,-0.36
05/04/2017,6621.03,6475.38,6681.53,6401.43,16,-2.01
04/04/2017,6593,6608.09,6692.49,6526.82,19.54,-1.26
03/04/2017,6806.87,6692.49,6959.79,6254.44,33.05,-1.1
31/03/2017,6612.82,6767.03,6770.07,6612.82,23.87,0.69
30/03/2017,6589.81,6720.37,6720.37,6573.03,22.67,2.63
29/03/2017,6584.98,6548.03,6722.37,6433.6,14.87,-1.85
28/03/2017,6622.77,6671.57,6692.44,6552.86,27.58,0.32
27/03/2017,6426.63,6650.21,6650.21,6426.63,8.42,1.83
24/03/2017,6374.79,6530.6,6530.6,6345.96,6.96,1.2
23/03/2017,6291.54,6453.47,6470.4,6263.15,9.89,2.57
22/03/2017,6325.7,6291.49,6403.63,6096.14,14.45,-1.24
21/03/2017,6525.62,6370.26,6591.9,6340.44,23.35,-1.59
20/03/2017,6905.61,6473.39,6905.61,6433.8,23.45,-6.64
17/03/2017,6742.23,6934.1,6966.16,6657.63,73.96,3.43
16/03/2017,6672.57,6703.99,6767.03,6622.77,28.72,2.77
15/03/2017,6562.52,6523.18,6622.77,6480.36,15.95,0.23
14/03/2017,6417.77,6508.2,6521.69,6385.35,14.92,2.11
13/03/2017,6423.54,6373.8,6465.72,6275.1,16.16,0.35
10/03/2017,6278.79,6351.54,6600.86,6253.59,20.25,2.12
09/03/2017,6363.64,6219.88,6363.64,6137.92,14.93,-1.65
08/03/2017,6343.92,6324,6364.79,6254.79,9.33,0.32
07/03/2017,5948.55,6304.08,6321.41,5877.44,40.82,6.39
06/03/2017,5838.5,5925.64,5964.48,5791.24,16.45,1.28
03/03/2017,5954.97,5850.95,6015.27,5826.05,25.59,-1.76
02/03/2017,5875.8,5955.52,5965.43,5806.13,19.35,1.55
01/03/2017,5638.12,5864.39,5864.39,5626.97,22.6,4.01
28/02/2017,5776.25,5638.12,5776.25,5577.07,27.03,-2.05
27/02/2017,5676.76,5756.34,5776.25,5547.2,7.8,1.42
24/02/2017,5835.76,5675.67,5835.76,5597.19,12.77,-2.75
23/02/2017,5527.28,5836.01,5874.85,5397.81,30.97,5.77
22/02/2017,5457.22,5517.42,5527.23,5397.86,8.38,1.1
21/02/2017,5382.42,5457.52,5457.52,5364.2,6.64,1.4
20/02/2017,5379.88,5382.42,5430.68,5357.97,8.99,-0.65
17/02/2017,5421.31,5417.73,5437.65,5372.96,15.64,-0.07
16/02/2017,5475.49,5421.36,5475.49,5355.98,16.7,-0.12
15/02/2017,5378.79,5427.69,5477.48,5378.79,17.86,0.92
14/02/2017,5341.99,5377.94,5436.65,5288.56,15.4,0.65
13/02/2017,5123.44,5343.04,5372.86,5123.44,11.63,4.28
10/02/2017,5158.89,5123.89,5198.58,5090.08,10.85,-0.68
09/02/2017,5257.39,5158.79,5266.3,5140.87,16.09,-1.71
08/02/2017,5199.63,5248.42,5248.42,5119.01,11.84,0.93
07/02/2017,5157.75,5200.07,5221.39,5128.92,9.21,0.32
06/02/2017,5306.34,5183.69,5306.34,5130.56,11.58,-2.73
03/02/2017,5230.5,5329.09,5352.4,5203.61,10.93,2.55
02/02/2017,5074.19,5196.64,5257.54,4956.67,21.99,2.51
01/02/2017,5099.04,5069.16,5208.54,4979.53,36.65,-0.2
31/01/2017,5198.63,5079.07,5268.29,5064.18,17.53,-2.66
30/01/2017,5293.29,5217.8,5357.97,5195.54,10.14,-1.2
27/01/2017,5348.06,5281.29,5447.61,5281.29,6.27,-1.25
26/01/2017,5427.69,5347.92,5447.61,5308.18,8.47,-0.37
25/01/2017,5341.04,5367.93,5472.45,5341.04,14.49,0.19
24/01/2017,5362.95,5357.97,5400.8,5283.33,11.53,-0.54
23/01/2017,5328.1,5386.91,5477.48,5310.17,6.72,0.17
20/01/2017,5402.79,5377.89,5527.23,5282.83,16.87,-0.47
19/01/2017,5377.89,5403.49,5403.49,5323.17,5.93,0.94
18/01/2017,5377.89,5353.04,5397.76,5298.07,7.15,0.36
17/01/2017,5298.22,5333.62,5372.91,5208.59,4.69,0.66
16/01/2017,5278.3,5298.42,5346.52,5278.3,5.2,-0.56
13/01/2017,5318.14,5328,5339.85,5280.94,4.65,-0.09
12/01/2017,5357.97,5333.03,5415.74,5308.33,6.94,-0.83
11/01/2017,5425.65,5377.89,5425.65,5308.33,10.93,-0.37
10/01/2017,5355.09,5397.81,5427.69,5317.64,20.25,1.5
09/01/2017,5278.3,5318.14,5323.12,5188.77,8.72,1.45
05/01/2017,5442.53,5242.1,5442.58,5233.49,16.28,-2.53
04/01/2017,5416.68,5377.89,5469.52,5338.11,13.52,0.95
03/01/2017,5501.48,5327.05,5596.99,5138.88,27.2,-2.76
02/01/2017,5746.38,5478.48,5746.38,5477.48,10.28,-3.04
30/12/2016,5766.3,5650.37,5766.3,5587.18,13.44,0.24
29/12/2016,5675.62,5636.73,5696.03,5597.99,7.41,0
28/12/2016,5589.02,5636.83,5696.28,5589.02,6.99,0.53
27/12/2016,5676.61,5606.9,5706.54,5606.9,4.09,-0.11
23/12/2016,5611.88,5612.83,5675.42,5538.83,7.72,0.64
22/12/2016,5554.57,5577.02,5676.61,5464.54,9.05,-0.07
21/12/2016,5675.67,5581.01,5761.17,5522.8,18.52,-0.64
20/12/2016,5636.78,5616.91,5712.82,5562.13,10.68,1.53
19/12/2016,5527.33,5532.26,5593.85,5441.63,11.35,0.53
16/12/2016,5716.5,5503.33,5716.5,5503.33,34.32,-2.2
15/12/2016,5776.25,5626.87,5776.25,5626.87,13.46,-2.4
14/12/2016,5719.49,5765.3,5892.73,5719.49,15.45,1.38
13/12/2016,5755.99,5686.62,5776.25,5686.62,11.88,-1.21
12/12/2016,5880.97,5755.99,5880.97,5713.46,13.28,-2.13
09/12/2016,5885.75,5880.97,5924.6,5712.97,12.93,-0.55
08/12/2016,5826.05,5913.54,5925.59,5729.45,34.6,1.83
07/12/2016,5826.1,5807.43,5922.5,5786.26,15.61,-0.68
06/12/2016,5925.64,5847.01,5925.64,5702.66,11.9,-1.31
05/12/2016,5866.33,5924.64,5925.64,5866.33,10.6,0.86
02/12/2016,5875.85,5873.85,5895.76,5795.72,10.08,1.43
01/12/2016,5776.21,5791.09,5925.64,5718.09,20.44,0.77
30/11/2016,5670.19,5746.58,5864.84,5670.19,15.72,1.55
29/11/2016,5645.34,5659.09,5784.22,5552.77,13.03,0.24
28/11/2016,5696.58,5645.34,5705.55,5536.19,4.12,-2.07
25/11/2016,5836.01,5764.5,5875.85,5682.39,9.16,-0.2
24/11/2016,5826,5776.25,5836.06,5759.37,7.98,-0.84
23/11/2016,5776.25,5825.35,5854.33,5678.16,14.79,0.64
22/11/2016,5628.86,5788.21,5826.05,5628.86,16.58,3.79
21/11/2016,5082.11,5577.07,5589.92,5082.11,18.29,9.35
18/11/2016,5189.72,5100.18,5278.35,5079.12,9.94,-3.37
17/11/2016,5348.02,5278.3,5357.92,5234.78,10.45,-1.17
16/11/2016,5297.92,5340.99,5348.02,5228.51,9.62,1.19
15/11/2016,5194.65,5278.25,5357.97,5194.65,13.32,0
14/11/2016,5417.73,5278.3,5417.73,5079.12,25.51,-2.69
10/11/2016,5736.42,5424.3,5751.85,5424.3,19.6,-4.23
09/11/2016,5557.11,5663.62,5712.17,5517.32,14.77,-1.1
08/11/2016,5578.97,5726.46,5812.11,5577.07,11.8,1.5
07/11/2016,5875.85,5641.56,5875.85,5517.32,12.03,0.06
04/11/2016,5593.06,5638.22,5653.66,5557.16,5.08,0.83
03/11/2016,5966.47,5592.01,5966.47,5557.45,16.54,-6.05
02/11/2016,5855.88,5951.88,5974.44,5776.3,47.74,1.64
31/10/2016,5643.15,5855.93,5875.85,5642.95,12.58,2.91
28/10/2016,5586.93,5690.61,5725.96,5527.48,16.46,0.25
27/10/2016,5639.96,5676.66,5699.62,5614.82,9.18,0.14
26/10/2016,5746.43,5668.75,5805.58,5603.71,5.62,-1.09
25/10/2016,5979.47,5731.19,6025.23,5731.19,24.88,-4.09
24/10/2016,5706.54,5975.44,5997.2,5706.54,77.25,4.44
21/10/2016,5582,5721.48,5759.77,5581.9,14.16,2.48
20/10/2016,5776.35,5583.05,5925.64,5583.05,30.15,-2.67
19/10/2016,5466.53,5736.42,5736.42,5466.53,20.76,6.3
18/10/2016,5079.17,5396.62,5447.61,5079.17,15.5,5.15
17/10/2016,5178.71,5132.25,5188.62,5027.38,18.69,-0.93
14/10/2016,5045.31,5180.6,5202.61,5045.31,13.89,1.8
13/10/2016,5054.22,5089.08,5168.7,5009.26,27.08,1.19
12/10/2016,5004.48,5029.18,5108.95,4979.53,51.79,-0.98
11/10/2016,4980.58,5079.12,5079.12,4980.58,15.32,1.39
10/10/2016,5018.32,5009.41,5029.33,4979.53,7.83,1.51
07/10/2016,4979.58,4934.71,4979.58,4910.07,4.36,-1.49
06/10/2016,4932.47,5009.41,5027.98,4879.94,18.28,-0.02
05/10/2016,5079.12,5010.2,5111.99,4791.45,74.71,0.62
04/10/2016,4481.58,4979.53,5099.04,4481.58,97.33,11.36
03/10/2016,3918.49,4471.62,4521.41,3918.49,21.59,14.12
30/09/2016,3927.11,3918.49,4043.38,3904,10.15,-0.84
29/09/2016,3953.8,3951.75,3953.8,3862.22,10.81,-0.08
28/09/2016,3844.25,3954.79,3982.43,3844.25,5.62,2.88
27/09/2016,3804.36,3844.2,3853.06,3774.53,6.44,1.05
26/09/2016,3806.4,3804.36,3852.06,3734.65,11.51,-0.98
23/09/2016,3893.94,3842.01,3893.94,3796.59,8.93,-1.34
22/09/2016,3957.18,3893.99,3958.73,3859.68,12.83,-1.01
21/09/2016,3905.55,3933.83,3971.57,3893,11.01,0
20/09/2016,3895.04,3933.78,3933.78,3841.26,6.77,0.76
19/09/2016,3933.88,3903.95,4014.5,3903.95,8.39,-0.64
16/09/2016,4032.42,3929.1,4053.34,3929.1,20.54,-3.3
15/09/2016,4143.47,4063.3,4161.84,4021.62,4.32,-0.97
14/09/2016,4168.81,4103.13,4168.81,4064.34,4.51,-0.12
13/09/2016,4128.58,4108.11,4171.85,4025.6,8.91,0.69
12/09/2016,4116.13,4079.78,4116.13,3996.57,7.05,-0.88
09/09/2016,4124.05,4116.13,4162.89,4083.21,7.15,-0.44
08/09/2016,4272.44,4134.5,4282.4,4134.01,5.81,-1.94
07/09/2016,4182.85,4216.32,4332.19,4133.01,8.1,0.8
06/09/2016,4302.31,4182.81,4302.31,4120.56,23.83,-1.58
05/09/2016,4292.5,4249.78,4292.5,4249.78,4.6,-0.99
02/09/2016,4214.18,4292.35,4332.14,4197.74,10.14,0.8
01/09/2016,4494.29,4258.39,4513.47,4063.8,16.08,-4.25
31/08/2016,4724.02,4447.25,4733.85,4447.25,13.43,-5.59
30/08/2016,4663.64,4710.38,4723.97,4630.83,6.84,1.63
29/08/2016,4486.78,4635.03,4635.03,4486.78,5.28,3.1
26/08/2016,4516.48,4495.83,4585.56,4451.8,4.26,-1.12
25/08/2016,4546.08,4546.57,4570.79,4406.78,5.24,0.01
24/08/2016,4646.09,4546.08,4646.34,4546.08,4.92,-2.83
23/08/2016,4702.18,4678.51,4731.14,4606.71,5.07,0.3
22/08/2016,4595.54,4664.67,4704.21,4595.54,7.16,0.49
19/08/2016,4704.21,4641.94,4720.56,4585.61,6.89,-1.32
18/08/2016,4595.69,4704.21,4704.21,4555.96,4.66,2.01
17/08/2016,4626.28,4611.45,4674.51,4586.6,4.8,-1.35
16/08/2016,4644.96,4674.56,4705.34,4595.49,6.5,0.49
12/08/2016,4623.91,4651.68,4711.81,4623.91,9.91,0.15
11/08/2016,4593.52,4644.91,4644.91,4565.3,18.29,1.11
10/08/2016,4511.49,4593.81,4615.21,4472.65,12.34,2.74
09/08/2016,4427.44,4471.22,4512.48,4397.84,12.21,0.97
08/08/2016,4487.77,4428.48,4496.32,4360.04,10.48,0.7
05/08/2016,4711.81,4397.84,4711.81,4130.06,45.31,-5.1
04/08/2016,5012.5,4634.09,5012.5,4625.19,23.73,-6.74
03/08/2016,4842.51,4969.06,5025.4,4830.7,8.2,2.51
02/08/2016,4966.1,4847.51,4966.1,4822.8,17.84,0.04
01/08/2016,4941.34,4845.58,4961.16,4805.85,9.96,-0.25
29/07/2016,4977.96,4857.54,4977.96,4843.06,7.8,-2.42
28/07/2016,5041.21,4977.96,5088.84,4961.16,7.48,-1.24
27/07/2016,5138.9,5040.22,5272.46,5011.56,9.73,-1.92
26/07/2016,5139.05,5139.05,5170.03,5089.63,6.59,0
25/07/2016,5123.73,5139.05,5208.23,5123.73,7.75,1.01
22/07/2016,5040.22,5087.66,5087.66,4951.32,8.8,0.18
21/07/2016,5089.73,5078.76,5178.53,5052.08,5.41,-1.17
20/07/2016,5050.1,5139.05,5139.05,5030.34,12.66,1.82
19/07/2016,5031.08,5047.14,5059.98,4941.39,6.02,0.93
18/07/2016,4911.74,5000.69,5071.84,4911.74,3.58,1.81
15/07/2016,4978.25,4911.74,5059.98,4911.74,9.69,-1.58
14/07/2016,4916.64,4990.81,4990.81,4902.5,8.34,2.14
13/07/2016,4842.56,4886.1,4953.25,4827.84,9.86,1.11
12/07/2016,4945.84,4832.68,4970.74,4814.89,7.7,-2.97
11/07/2016,4840.49,4980.82,4990.81,4823.69,9.27,4.41
08/07/2016,4803.18,4770.22,4842.56,4769.43,7.49,0.12
07/07/2016,4744.77,4764.59,4830.85,4674.61,13.25,0.44
06/07/2016,4827.79,4743.74,4854.52,4743.74,10.31,-2.62
05/07/2016,4764.49,4871.22,4875.18,4764.49,5.34,0.85
04/07/2016,4843.06,4830.31,4921.58,4659.83,9.9,-1.2
01/07/2016,5010.52,4889.01,5014.92,4843.55,11.25,-1.83
30/06/2016,4991.79,4979.93,5030.34,4953.55,6.53,-2.63
29/06/2016,4957.3,5114.29,5138.06,4862.38,7.15,4.54
28/06/2016,4911.74,4891.98,4975.98,4822.8,10.57,0.81
27/06/2016,4941.39,4852.45,4990.41,4852.45,8.27,-1.8
24/06/2016,4941.39,4941.39,5068.43,4862.33,20.57,-9.89
23/06/2016,5385.08,5483.76,5483.76,5316.94,9.12,1.81
22/06/2016,5237.88,5386.12,5424.66,5218.16,5.85,2.25
21/06/2016,5069.87,5267.47,5267.47,5069.87,8.31,2.2
20/06/2016,5203.29,5153.87,5212.18,5069.92,6.52,0.5
17/06/2016,5089.93,5128.13,5131.98,5016.5,16.62,0.76
16/06/2016,5179.57,5089.58,5225.82,5043.18,8.16,-4.54
15/06/2016,5109.5,5331.66,5331.66,4611.85,9.17,4.9
14/06/2016,5162.37,5082.62,5227.99,5041.41,6.96,-3.42
13/06/2016,5088.15,5262.38,5262.38,5061.47,3.97,1.56
10/06/2016,5168.79,5181.4,5245.09,4996.83,5.31,-0.89
09/06/2016,5331.66,5227.99,5331.66,5067.55,7.15,-2.04
08/06/2016,5204.37,5336.7,5336.7,5149.92,6.52,1.24
07/06/2016,5074.12,5271.38,5271.38,5028.36,7.73,3.88
06/06/2016,4961.26,5074.27,5079.7,4872.26,6.87,3.1
03/06/2016,4892.08,4921.63,4995.75,4781.54,17.21,1.45
02/06/2016,5111.08,4851.46,5153.08,4773.58,18.85,-4.88
01/06/2016,5335.71,5100.55,5335.71,5089.83,11.16,-4.43
31/05/2016,5437.26,5336.7,5520.03,5272.46,33.43,-2.26
30/05/2016,5436.62,5460.24,5523.29,5323.86,6.78,0.74
27/05/2016,5431.58,5419.97,5532.14,5293.27,14.23,0
25/05/2016,5386.07,5420.21,5477.88,5270.49,10.72,1.83
24/05/2016,5139.1,5322.87,5383.6,5139.1,9.41,3.64
23/05/2016,5046.15,5136.08,5227.94,5046.15,9.18,1.41
20/05/2016,5010.13,5064.53,5139.05,4956.51,14.2,1.48
19/05/2016,4981.07,4990.81,5054.55,4941.89,10.98,-0.98
18/05/2016,5010.62,5040.22,5040.22,4946.33,9.37,0.59
17/05/2016,4951.37,5010.62,5040.22,4894.94,7.99,1.4
16/05/2016,4882.05,4941.39,4988.78,4843.11,8.3,2.56
13/05/2016,4946.33,4817.86,4958.29,4724.02,22.45,-2.6
12/05/2016,5237.88,4946.33,5237.88,4942.43,14.95,-6.65
11/05/2016,5377.47,5298.51,5377.47,5298.51,8.52,-1.45
10/05/2016,5356.52,5376.23,5475.01,5348.76,8.19,0
09/05/2016,5346.63,5376.23,5425.65,5316.94,8.81,0.55
06/05/2016,5297.22,5346.59,5425.65,5297.22,12.8,0.19
05/05/2016,5504.71,5336.7,5504.71,5316.94,15.57,-2.5
04/05/2016,5732.01,5473.68,5830.84,5447.79,13.19,-4.51
02/05/2016,5564.5,5732.01,5776.49,5564.5,3.04,3.01
29/04/2016,5623.3,5564.45,5732.01,5505.85,11.45,-1.87
28/04/2016,5533.62,5670.49,5710.27,5356.47,12.33,2.47
27/04/2016,5582.73,5533.62,5582.73,5440.47,18.03,-0.01
26/04/2016,5732.01,5534.41,5732.01,5455.25,22.17,-3.75
25/04/2016,5959.32,5749.8,5973.85,5734.14,10.76,-4.31
22/04/2016,5979.08,6008.73,6101.63,5939.7,10.98,-1.85
21/04/2016,6117.39,6121.84,6174.71,5909.85,10.42,0.71
20/04/2016,6078.95,6078.85,6133.21,6008.73,13.78,-0.95
19/04/2016,6080.98,6137.21,6206.39,6080.98,15.75,0.51
18/04/2016,5880.31,6106.13,6106.13,5830.64,9.27,2.21
15/04/2016,5811.03,5974.04,5974.09,5645.05,10.77,2.7
14/04/2016,5781.33,5817.1,5817.1,5687.54,14.92,0.62
13/04/2016,5583.77,5781.38,5781.38,5583.77,8.88,3.67
12/04/2016,5430.59,5576.85,5576.85,5430.59,12.05,2.23
11/04/2016,5386.12,5455.3,5465.13,5337.74,4.6,1.12
08/04/2016,5404.84,5394.96,5404.84,5307.05,8.58,1
07/04/2016,5435.48,5341.6,5489.84,5267.52,7.71,-1.73
06/04/2016,5376.28,5435.53,5484.94,5316.94,9.01,1.25
05/04/2016,5445.41,5368.23,5474.07,5366.35,9.28,-1.37
04/04/2016,5413.79,5442.75,5502.68,5379.45,3.57,1.63
01/04/2016,5435.53,5355.48,5435.63,5316.89,14.21,-1.47
31/03/2016,5534.36,5435.53,5583.38,5366.35,21.67,-1.79
30/03/2016,5534.36,5534.51,5581.75,5407.86,10.56,1.27
29/03/2016,5652.9,5465.18,5652.9,5450.35,8.79,-1.25
24/03/2016,5613.96,5534.36,5662.79,5514.59,6.47,-1.42
23/03/2016,5754.65,5613.87,5771.5,5568.95,11.17,-1.49
22/03/2016,5633.78,5699.01,5777.43,5564.06,11.47,1.16
21/03/2016,5555.21,5633.78,5643.37,5386.12,12.32,1.43
18/03/2016,5779.4,5554.12,5811.08,5554.12,64.82,-3.68
17/03/2016,5481.98,5766.55,5809.69,5481.98,43.12,5.26
16/03/2016,5329.79,5478.57,5481.93,5272.46,12.91,4.01
15/03/2016,5307.05,5267.52,5336.7,5247.81,9.63,-1.3
14/03/2016,5330.82,5336.7,5430.59,5257.64,14.29,0.11
11/03/2016,5316.94,5330.82,5348.71,5208.23,8.18,1.19
10/03/2016,5326.82,5267.92,5487.91,5188.46,14.79,-1.23
09/03/2016,5189.6,5333.74,5333.74,5189.6,7.33,1.83
08/03/2016,5294.11,5237.88,5316.94,5219.15,10.76,-1.06
07/03/2016,5218.16,5294.21,5307.05,5116.17,12.74,1.49
04/03/2016,5168.7,5216.48,5277.36,5168.7,22.68,3.52
03/03/2016,5087.9,5039.23,5087.95,5010.62,20.19,-0.96
02/03/2016,5040.22,5087.95,5087.95,4942.48,7.58,0.95
01/03/2016,4980.97,5040.22,5040.22,4902.9,13.08,0.79
29/02/2016,5038.24,5000.69,5038.24,4951.27,21.23,-0.76
26/02/2016,5028.36,5038.74,5079.7,5010.62,7.77,0.78
25/02/2016,5040.12,4999.7,5040.22,4956.22,5.82,-0.02
24/02/2016,5025.35,5000.74,5070.26,4953.25,8.21,0
23/02/2016,4990.85,5000.69,5083.7,4990.85,9.18,-0.8
22/02/2016,5040.22,5041.21,5079.75,4992.78,12.39,0.47
19/02/2016,5138.01,5017.64,5139.05,4917.67,22.48,-5.45
18/02/2016,5227.99,5307.05,5307.1,5149.72,10.37,1.51
17/02/2016,5040.22,5227.99,5257.59,5011.56,17.14,3.95
16/02/2016,5052.67,5029.45,5052.67,4961.16,3.58,0.97
15/02/2016,5020.45,4980.92,5116.32,4966.1,6.8,-0.49
12/02/2016,5067.45,5005.58,5117.26,4990.85,6.14,0.16
11/02/2016,4957.25,4997.72,5058.01,4901.86,8.29,0.92
10/02/2016,5050.1,4952.26,5187.47,4952.26,7.58,-1.55
09/02/2016,4989.82,5030.39,5128.18,4932,7.28,0.04
08/02/2016,5215.1,5028.26,5227.94,4998.71,13.96,-2.45
05/02/2016,5266.19,5154.32,5297.17,5154.32,6.02,-2.86
04/02/2016,5270.49,5306.07,5310.91,5168.7,7.67,1.94
03/02/2016,5189.5,5205.11,5265.55,5125.21,6.84,0.14
02/02/2016,5334.87,5197.9,5371.29,5197.9,13.17,-2.79
01/02/2016,5331.56,5347.08,5347.08,5237.88,12.54,0.86
29/01/2016,5331.76,5301.62,5331.76,5210.35,17.16,-0.4
28/01/2016,5274.05,5322.92,5335.71,5208.23,11.66,0.93
27/01/2016,5361.41,5274.1,5361.41,5208.33,8.86,-0.25
26/01/2016,5316.94,5287.29,5336.65,5162.77,9.39,1.07
25/01/2016,5188.51,5231.16,5234.91,5139.05,13.59,1.34
22/01/2016,5383.15,5161.93,5383.15,5159.46,15.34,-1.45
21/01/2016,5198.39,5237.88,5382.16,5045.21,19.13,0.79
20/01/2016,5173.44,5196.71,5435.48,5173.44,26.35,-1.84
19/01/2016,5237.88,5293.91,5414.78,5169.68,15.18,3.21
18/01/2016,5277.41,5129.16,5281.36,5109.45,9.48,-2.88
15/01/2016,5430.59,5281.36,5490.38,5281.36,11.61,-2.75
14/01/2016,5468.14,5430.59,5468.14,5366.35,18.34,-0.69
13/01/2016,5494.78,5468.14,5509.4,5435.53,16.38,0.78
12/01/2016,5335.67,5425.94,5680.52,5272.46,16.62,3.19
11/01/2016,5265.5,5257.99,5324.79,5150.91,11.29,1.15
08/01/2016,5434.54,5198.29,5489.84,5196.86,15.77,-2.24
07/01/2016,5386.17,5317.43,5484.9,5297.17,18.09,-4.79
05/01/2016,5435.53,5585.16,5622.91,5435.53,10.52,2.94
04/01/2016,5469.08,5425.65,5534.31,5336.7,7.66,-1.17
30/12/2015,5820.91,5489.94,5830.74,5489.94,25.91,-5.2
29/12/2015,5750.74,5791.31,5820.96,5732.11,10,1.89
28/12/2015,5671.19,5683.84,5820.96,5563.22,11.7,1.13
23/12/2015,5672.67,5620.24,5681.61,5504.46,12.1,0.32
22/12/2015,5533.37,5602.25,5677.66,5441.51,18.93,1.23
21/12/2015,5560.15,5534.36,5623.3,5436.57,14.08,0.36
18/12/2015,5316.94,5514.59,5681.61,5188.46,42,2.89
17/12/2015,5504.71,5359.48,5707.31,5336.7,12.88,-1.62
16/12/2015,5356.52,5447.83,5554.12,5297.17,13.36,2.27
15/12/2015,5139.05,5326.87,5435.53,5139.05,14.03,3.06
14/12/2015,5361.41,5168.7,5368.33,5141.17,21.25,-2.24
11/12/2015,5590.54,5286.99,5731.03,5286.99,23.85,-5.41
10/12/2015,5934.96,5589.55,5959.32,5583.82,20.33,-2.99
09/12/2015,6300.52,5761.66,6397.22,5670.74,39.86,-9.12
08/12/2015,6522.79,6340,6620.43,6265.68,23.28,-2.8
07/12/2015,6525.65,6522.64,6700.53,6522.64,5.06,-0.37
04/12/2015,6620.48,6546.75,6715.35,6437.79,15.95,-0.9
03/12/2015,6542.45,6606.44,6833.94,6530.84,5.69,-0.67
02/12/2015,6680.76,6651.11,6711.99,6429,12.3,-0.44
01/12/2015,6716.34,6680.76,6728.15,6601.7,13.97,-0.71
30/11/2015,6775.69,6728.2,6819.22,6721.33,24.04,-1.33
27/11/2015,6875.45,6819.12,6927.78,6774.7,11.09,-0.81
26/11/2015,6819.66,6874.91,6937.66,6775.93,5.67,0.53
25/11/2015,6819.42,6838.89,7001.75,6722.32,8.58,-0.73
24/11/2015,6937.76,6889.29,6937.76,6770.84,9.74,-0.7
23/11/2015,6996.96,6937.71,7043.01,6799.35,10.56,-0.99
20/11/2015,6868.49,7006.84,7006.84,6849.16,7,2.49
19/11/2015,6819.12,6836.56,6897.19,6769.9,8.34,0.22
18/11/2015,6720.34,6821.29,6967.21,6672.46,7.97,1.5
17/11/2015,6700.53,6720.29,6737.59,6641.43,10.72,1.48
16/11/2015,6771.73,6622.5,6771.73,6621.46,15.15,-2.21
13/11/2015,6908.07,6772.13,6976.8,6772.13,10.93,-2.11
12/11/2015,6937.71,6917.95,7125.49,6833.99,15.36,0.42
10/11/2015,6855.54,6888.79,7016.78,6827.87,16.19,1.32
09/11/2015,6769.71,6799.35,6937.71,6721.18,17.47,0.88
06/11/2015,6769.76,6740.06,6807.21,6680.86,13.52,-0.44
05/11/2015,7076.07,6769.71,7076.07,6720.29,27.15,-4.49
04/11/2015,7067.38,7087.98,7162.99,7066.19,12.36,0.31
03/11/2015,7239.14,7066.19,7239.14,7066.19,10.24,-1.38
02/11/2015,7239.14,7165.02,7275.66,7115.65,11.97,-0.61
30/10/2015,7422.07,7208.8,7500.83,7187.75,10.61,-2.88
29/10/2015,7590.42,7422.71,7619.58,7422.02,11.18,-2.95
28/10/2015,7575.15,7648.29,7648.29,7523.91,4.78,0.97
27/10/2015,7530.63,7574.81,7580.09,7465.26,9.33,0.85
26/10/2015,7451.62,7510.92,7588.79,7413.08,29.81,0.61
23/10/2015,7491.15,7465.65,7589.93,7431.9,10.06,-0.09
22/10/2015,7550.4,7472.13,7550.4,7442.03,8.81,0.16
21/10/2015,7597.83,7460.51,7599.86,7394.3,8.25,-1.26
20/10/2015,7510.87,7555.78,7605.74,7426.91,9.98,0.33
19/10/2015,7510.96,7530.68,7559.34,7462.04,11.15,0.37
16/10/2015,7412.09,7502.81,7530.68,7405.07,7.35,1.22
15/10/2015,7594.92,7412.09,7594.92,7412.09,7.83,-1.32
14/10/2015,7669.53,7510.92,7728.34,7449.05,5.53,-2.26
13/10/2015,7436.84,7684.85,7688.76,7436.84,11.02,2.73
12/10/2015,7461.45,7480.28,7500.98,7368.9,11.58,0.77
09/10/2015,7580.05,7422.96,7580.05,7412.09,8.91,-1.61
08/10/2015,7659.16,7544.62,7697.7,7480.72,9.68,-1.5
07/10/2015,7406.16,7659.16,7659.16,7353.63,12.92,3.86
06/10/2015,7214.63,7374.19,7501.03,7120.59,15.83,2.21
05/10/2015,7005.91,7214.43,7214.43,6932.77,18.37,4.23
02/10/2015,7407.15,6921.95,7407.15,6879.55,38.28,-6.55
01/10/2015,7762.93,7407.15,7838.97,7407.15,34.28,-4.16
30/09/2015,7608.75,7728.34,7755.96,7548.87,27.83,2.89
29/09/2015,7414.61,7510.92,7609.74,7388.22,12.8,0.63
28/09/2015,7533.45,7464.02,7609.69,7413.57,8.75,-0.49
25/09/2015,7609.74,7501.03,7609.74,7381.4,8.16,-1.36
24/09/2015,7708.18,7604.8,7718.11,7520.8,7.03,-0.97
23/09/2015,7664.2,7678.97,7742.12,7662.57,8.09,0.05
22/09/2015,7708.62,7674.97,7748.1,7534.54,3.51,-0.44
21/09/2015,7727.79,7708.57,7733.28,7686.83,5.56,0.93
18/09/2015,7609.79,7637.91,7708.52,7363.71,25.99,0.24
17/09/2015,7744.59,7619.63,7764.21,7611.72,3.67,-1.84
16/09/2015,7784.67,7762.83,7805.42,7714.8,10.84,-0.31
15/09/2015,7664.15,7786.65,7797.52,7664.15,14.93,0.63
14/09/2015,7728.29,7738.22,7797.47,7672.05,8.09,0.15
11/09/2015,7708.52,7726.36,7726.36,7613.1,4.59,0.23
10/09/2015,7626.79,7708.57,7728.29,7564.28,7.09,0.89
09/09/2015,7688.81,7640.38,7716.67,7541.65,6.77,-0.39
08/09/2015,7767.87,7670.23,7790.99,7510.96,6.48,-0.3
07/09/2015,7787.53,7693.45,7787.63,7693.45,4.08,-1.21
04/09/2015,7510.92,7787.63,7787.63,7491.35,15.9,2.88
03/09/2015,7382.44,7569.82,7589.98,7382.44,7.23,2.54
02/09/2015,7441.79,7382.44,7441.79,7293.49,17.74,-0.64
01/09/2015,7626.65,7429.88,7712.56,7400.41,23.82,-3.21
31/08/2015,7358.09,7675.9,7675.9,7358.09,25.61,3.56
28/08/2015,7343.28,7412.17,7426.83,7282.27,15.94,1.44
27/08/2015,7241.92,7306.87,7378.66,7105.28,25.32,3.14
26/08/2015,6888.63,7084.46,7280.25,6846.31,12.51,1.39
25/08/2015,6839.43,6987.04,7029.31,6751.74,22.28,1.43
24/08/2015,7183.86,6888.63,7282.22,6747.91,28.89,-5.31
21/08/2015,7266.52,7274.64,7361.39,7204.52,12.69,-0.79
20/08/2015,7464.32,7332.45,7464.52,7321.68,21.13,0.15
19/08/2015,7189.56,7321.63,7360.94,7183.91,11.19,0.54
18/08/2015,7370.83,7282.27,7370.88,7203.59,11.14,-1.33
17/08/2015,7382.69,7380.68,7428.85,7380.68,8.23,-0.17
14/08/2015,7383.82,7393.27,7474.11,7339.25,6.32,1.59
13/08/2015,7282.22,7277.25,7479.04,7208.51,14.35,0.3
12/08/2015,7378.66,7255.65,7378.66,7135.64,14.01,-1.69
11/08/2015,7479.08,7380.68,7498.67,7233.11,13.71,-1.32
10/08/2015,7477.07,7479.08,7521.3,7390.22,8.16,0.03
07/08/2015,7380.68,7477.12,7477.12,7306.92,9.33,0.64
06/08/2015,7341.31,7429.78,7479.08,7327.58,11.26,-0.63
05/08/2015,7429.88,7477.12,7503.69,7248.86,12.1,0.64
04/08/2015,7577.49,7429.88,7577.49,7429.88,10.02,-2.38
03/08/2015,7479.67,7611.3,7611.3,7459.89,10.41,0.45
31/07/2015,7381.66,7577.49,7577.49,7365.91,12.12,2.22
30/07/2015,7379.69,7413.15,7426.39,7305.93,14.68,0.57
29/07/2015,7323.7,7370.83,7429.68,7321.63,12.19,-0.46
28/07/2015,7516.48,7405.03,7562.73,7322.12,12.93,-0.86
27/07/2015,7479.23,7469.24,7568.64,7233.21,9.18,-0.13
24/07/2015,7379.69,7479.08,7495.67,7267.6,18.54,1.35
23/07/2015,7070.69,7379.69,7379.94,7055.93,15.41,4.37
22/07/2015,7160.19,7070.69,7252.05,6937.83,9.16,-1.44
21/07/2015,7233.01,7174.02,7233.06,7017.69,8.09,0.48
20/07/2015,7281.28,7139.57,7420.04,7060.85,11.78,-1.95
17/07/2015,7380.68,7281.28,7380.68,7233.06,9.1,-1.35
16/07/2015,7159.01,7380.68,7479.08,7158.76,13.25,3.09
15/07/2015,7139.57,7159.25,7209.25,6996.88,5.65,-0.21
14/07/2015,7085.45,7174.02,7174.02,6937.88,9.77,2.77
13/07/2015,6957.52,6980.69,7154.33,6888.63,7.68,0.62
10/07/2015,6832.59,6937.83,6987.04,6772.46,10.75,2.75
09/07/2015,6668.19,6752.14,6790.22,6534.36,11.41,1.26
08/07/2015,6445.94,6668.19,6740.97,6434.87,12.71,2.97
07/07/2015,6681.92,6475.71,6789.43,6470.39,8.98,-2.96
06/07/2015,6396.58,6673.26,6741.02,6396.58,4.45,1.82
03/07/2015,6662.29,6554.04,6717.05,6348.41,7.5,-1.74
02/07/2015,6603.29,6670.16,6755.04,6506.31,5.57,0.18
01/07/2015,6541.2,6657.86,6839.43,6483.87,11.81,1.77
30/06/2015,6445.84,6541.84,6642.61,6399.09,19.77,1.5
29/06/2015,6652.45,6444.9,6652.45,5993.16,8.27,-3.85
26/06/2015,6764.09,6703.08,6888.63,6701.65,6.91,-2.06
25/06/2015,6920.27,6844.05,6972.28,6704.11,11.72,-1.08
24/06/2015,6806.61,6918.65,6985.96,6806.61,8.03,1.1
23/06/2015,6809.95,6843.51,6936.85,6790.27,4.08,0.81
22/06/2015,6770.29,6788.25,6854.48,6662.29,5.03,1.89
19/06/2015,6750.86,6662.29,6849.27,6544.2,26.81,-0.39
18/06/2015,6790.37,6688.37,6847.74,6688.37,14.29,-1.5
17/06/2015,7051.5,6790.22,7082.45,6691.86,10.54,-3.5
16/06/2015,6904.62,7036.24,7063.16,6903.54,10.42,0.7
15/06/2015,7006.87,6987.04,7082.5,6889.66,6.23,-0.28
12/06/2015,7085.45,7006.87,7085.45,6859.11,8.93,-2.44
11/06/2015,7153.3,7181.89,7201.37,6891.58,10.79,1.14
10/06/2015,6937.83,7101.1,7133.18,6919.14,11.59,3.23
09/06/2015,7006.72,6878.79,7101.83,6859.11,10.35,-1.8
08/06/2015,7085.45,7004.75,7213.38,6937.88,4.71,0.22
05/06/2015,7380.68,6989.5,7400.36,6913.23,18.79,-2.97
03/06/2015,6939.95,7203.54,7257.61,6939.95,11.33,3.83
02/06/2015,7270.41,6937.83,7428.9,6897.54,13.98,-3.49
01/06/2015,7527.3,7188.78,7605.05,7042.2,15.52,-5.53
29/05/2015,7577.49,7609.97,7675.8,7434.85,208.57,1.14
28/05/2015,7529.27,7524.35,7646.08,7488.97,13.95,-0.7
27/05/2015,7656.22,7577.49,7734.85,7489.61,28.85,-1.28
26/05/2015,7626.7,7675.9,7705.42,7621.78,11.78,-0.99
25/05/2015,7774.31,7752.66,7823.47,7725.11,9.13,-1.49
22/05/2015,7695.54,7869.77,7869.77,7588.32,11.06,2.59
21/05/2015,7656.27,7670.98,7705.42,7559.19,9.32,-0.38
20/05/2015,7485.04,7700.5,7725.01,7414.28,24.63,1.49
19/05/2015,7602.1,7587.14,7705.42,7390.52,17.64,-1
18/05/2015,7823.52,7664.09,7870.7,7597.32,22.63,-2.04
15/05/2015,7725.16,7823.52,7872.62,7705.42,18.73,1.4
14/05/2015,7666.11,7715.27,7715.27,7544.18,38.71,-0.13
13/05/2015,7479.08,7725.11,7772.34,7429.39,55,6.8
12/05/2015,7082.5,7233.06,7233.06,7038.41,6.5,4.03
11/05/2015,7210.28,6952.6,7210.28,6952.6,3.98,-3.57
08/05/2015,7082.5,7209.94,7306.87,7026.8,9.49,2.43
07/05/2015,6972.18,7038.7,7038.7,6864.03,9.57,1.6
06/05/2015,6918.15,6927.99,6985.66,6800.11,8.74,0.57
05/05/2015,7281.28,6888.63,7281.28,6839.47,18.85,-5.6
04/05/2015,7666.01,7297.03,7666.01,7281.28,9.23,-3.07
30/04/2015,7423.48,7528.29,7675.9,7303.03,8.95,0.92
29/04/2015,7626.75,7459.85,7774.31,7293.09,12.92,-2.06
28/04/2015,7970.19,7616.86,7971.23,7577.49,8.11,-4.43
27/04/2015,7675.9,7970.15,8065.6,7656.22,20.23,3.83
24/04/2015,7458.27,7675.9,7675.9,7346.23,10.29,3.31
23/04/2015,7453.5,7429.88,7456.45,7341.61,12.13,0
22/04/2015,7234.14,7429.88,7429.88,7234.14,12.51,2.71
21/04/2015,7375.71,7234.05,7469.19,7134.95,11.11,-0.93
20/04/2015,7159.21,7301.95,7369.8,7105.13,12.09,3.49
17/04/2015,7183.86,7055.93,7203.54,6895.57,13.51,-1.78
16/04/2015,7025.07,7183.86,7183.86,6932.91,10.41,2.53
15/04/2015,6721.09,7006.72,7027.39,6680,13.71,4.89
14/04/2015,6733.19,6680,6733.19,6594.44,5.11,-0.77
13/04/2015,6691.81,6732.16,6732.16,6691.81,3.92,0.6
10/04/2015,6740.97,6691.81,6741.02,6636.75,13.71,0.74
09/04/2015,6791.84,6642.61,6839.38,6642.61,10.96,-2.17
08/04/2015,6937.83,6790.22,6937.83,6692.8,5.77,-1.84
07/04/2015,6691.81,6917.17,6936.85,6691.81,10.22,2.84
02/04/2015,6790.22,6726.26,6790.22,6614.12,14.28,-2.08
01/04/2015,6947.63,6868.95,6985.07,6813.64,11.2,-1.34
31/03/2015,7070.69,6962.04,7070.69,6890.75,9.47,-0.36
30/03/2015,6974.69,6987.04,7061.19,6898.52,5.21,1.43
27/03/2015,7064.78,6888.63,7134.65,6888.63,10.43,-1.83
26/03/2015,7034.03,7017.4,7082.74,6907.18,6.76,-0.82
25/03/2015,7014.59,7075.61,7075.61,6849.02,11.12,1.2
24/03/2015,7085.45,6991.96,7237.98,6982.61,8.65,-2
23/03/2015,7059.86,7134.65,7134.65,6967.36,6.62,2.11
20/03/2015,6790.27,6987.04,7133.62,6790.27,41.18,3.65
19/03/2015,6534.36,6741.02,6898.47,6534.36,16.05,3.32
18/03/2015,6568.8,6524.52,6568.8,6450.71,8.17,0.45
17/03/2015,6421.19,6494.99,6534.36,6337.54,6.5,1.15
16/03/2015,6519.65,6421.19,6544.2,6396.58,10.58,-1.45
13/03/2015,6745.99,6515.81,6760.65,6475.31,13.37,-3.34
12/03/2015,6791.25,6741.02,6888.63,6653.43,11.82,-1.69
11/03/2015,6790.22,6856.79,6856.79,6748.25,10.67,0.98
10/03/2015,6921.1,6790.22,6936.85,6790.22,14.86,-2.27
09/03/2015,6937.83,6947.68,7001.26,6908.31,7.01,-0.14
06/03/2015,6959.44,6957.71,7012.38,6957.52,10.55,-0.05
05/03/2015,6987.04,6960.91,6987.04,6829.58,14.69,0.02
04/03/2015,6942.76,6959.48,7134.65,6942.76,5.72,0.24
03/03/2015,6996.88,6942.76,7019.47,6809.95,9.92,-1.33
02/03/2015,7196.65,7036.24,7196.65,6962.49,5.42,-1.1
27/02/2015,7105.03,7114.58,7203.54,7052.04,13.38,0.55
26/02/2015,7091.99,7075.61,7104.24,7046.08,6.13,-0.14
25/02/2015,7129.63,7085.45,7129.63,7046.13,10.24,0
24/02/2015,7183.86,7085.45,7221.2,7043.43,8.87,-1.37
23/02/2015,7134.65,7183.86,7213.38,7088.4,10.02,1.68
20/02/2015,7190.84,7065.13,7213.38,7065.13,24.57,-1.52
19/02/2015,6988.02,7174.02,7230.95,6988.02,30.18,3.4
18/02/2015,7232.08,6937.83,7232.08,6920.12,20.56,-3.09
17/02/2015,7183.86,7159.25,7270.46,7134.7,9.77,-0.34
16/02/2015,7233.11,7183.86,7282.27,7164.18,6.48,-0.07
13/02/2015,7365.91,7188.78,7390.52,7183.86,9.65,-2.73
12/02/2015,7459.4,7390.52,7498.77,7083.04,27.76,-5.36
11/02/2015,7731.36,7808.75,7808.75,7577.49,9.43,1.21
10/02/2015,7502.9,7715.27,7715.27,7395.88,13.98,2.62
09/02/2015,7478.1,7518.45,7518.45,7303.97,13.67,0.54
06/02/2015,7261.6,7478.1,7478.1,7261.6,9.47,2.97
05/02/2015,7299.98,7262.58,7299.98,7183.86,4.89,-0.27
04/02/2015,7233.11,7282.32,7336.34,7151.43,7.41,-0.26
03/02/2015,7085.45,7301.46,7311.74,7038.26,28.45,1.64
02/02/2015,7482.04,7183.86,7562.58,7150.4,17.65,-2.79
30/01/2015,7359.12,7390.02,7528.29,7331.47,9.86,0.2
29/01/2015,7479.13,7375.26,7511.61,7236.01,5.1,-0.78
28/01/2015,7616.81,7433.42,7616.86,7429.88,9.28,-1.9
27/01/2015,7507.77,7577.49,7577.49,7284.33,7.73,0.99
26/01/2015,7490.89,7503.19,7646.38,7445.43,6.61,-1.19
23/01/2015,7577.49,7593.24,7764.22,7452.37,11.9,-0.43
22/01/2015,7490.79,7625.71,7673.93,7385.6,15.3,2.79
21/01/2015,7183.86,7419.05,7479.08,7144.54,16.16,3.49
20/01/2015,7269.42,7168.7,7448.58,6961.45,14.34,-1.65
19/01/2015,7006.77,7289.15,7289.15,6829.63,11.06,4.03
16/01/2015,7085.45,7006.72,7153.99,6829.58,10.67,-0.36
15/01/2015,7323.89,7032.31,7448.58,6992.35,13.95,-3.98
14/01/2015,7473.92,7323.89,7473.92,7124.81,9.14,-2.08
13/01/2015,7282.27,7479.08,7675.9,7282.27,18.5,3.12
12/01/2015,7304.9,7252.74,7390.52,7247.82,5.69,0.14
09/01/2015,7370.83,7242.95,7429.83,7242.9,9.77,0
08/01/2015,6987.04,7242.95,7379.2,6977.25,18.6,3.66
07/01/2015,7046.08,6987.04,7129.73,6967.41,9.44,-0.84
05/01/2015,7134.65,7046.08,7208.56,6790.22,17.79,-2.05
02/01/2015,7183.86,7193.7,7276.95,7183.86,3.8,1.04
30/12/2014,7479.08,7119.5,7479.08,7119.5,21.31,-2.5
29/12/2014,7347.71,7302.05,7479.08,7282.32,13.43,-0.62
23/12/2014,7381.66,7347.71,7479.04,7347.71,11.44,-0.9
22/12/2014,7464.37,7414.23,7653.27,7311.94,9.38,-0.39
19/12/2014,7764.47,7443.61,7764.47,7380.68,37.94,-2.65
18/12/2014,7872.72,7646.38,7966.16,7637.52,14.19,-0.42
17/12/2014,7513.53,7678.36,7857.96,7316.71,32.67,3.34
16/12/2014,7666.06,7429.88,7810.82,7183.86,45.24,-3.21
15/12/2014,7990.86,7675.9,8113.82,7480.07,15.23,-3.94
12/12/2014,8286.04,7990.81,8286.04,7971.13,8.58,-3.56
11/12/2014,8242.54,8286.04,8364.72,8217.15,16.43,0.53
10/12/2014,8266.36,8242.49,8463.17,8242.49,11.83,-1
09/12/2014,8517.3,8325.4,8555.58,8320.43,14.03,-2.76
08/12/2014,8774.69,8561.58,8774.69,8463.17,14.39,-1.47
05/12/2014,8685.58,8689.51,8757.42,8640.31,6.67,0.05
04/12/2014,8856.76,8685.58,8856.76,8684.59,6.83,-1.83
03/12/2014,8874.72,8847.22,8874.72,8650.15,15.16,-0.27
02/12/2014,8906.01,8871.57,8944.39,8659.99,12.16,0.17
01/12/2014,8699.36,8856.76,8925.65,8699.36,26.01,1.81
28/11/2014,8955.17,8699.36,8974.9,8699.36,11.49,-2.21
27/11/2014,8792.84,8896.17,8954.88,8792.84,5.14,1.18
26/11/2014,9010.28,8792.84,9053.63,8758.4,29.16,-2.64
25/11/2014,8738.77,9031.73,9031.73,8712.64,50.42,2.26
24/11/2014,8746.64,8832.21,8935.54,8709.2,15.95,-0.28
21/11/2014,8856.81,8856.81,8999.5,8855.83,9.55,-0.56
20/11/2014,8856.81,8906.26,8906.26,8792.89,8.47,1.02
19/11/2014,8547.95,8816.46,8934.16,8487.78,9.62,3.57
18/11/2014,8439.31,8512.38,8549.77,8426.81,6.23,1.17
17/11/2014,8659.94,8413.97,8684.55,8413.97,21.66,-2.84
14/11/2014,8925.75,8659.99,9003.78,8594.06,18.67,-2.65
13/11/2014,9053.48,8896.17,9053.48,8779.26,14.62,-0.66
12/11/2014,8778.08,8955.22,9142.15,8758.4,20.52,2.02
10/11/2014,9117.3,8778.08,9151.99,8661.12,21.11,-3.46
07/11/2014,9348.86,9092.99,9348.86,9054.66,44.32,-7.6
06/11/2014,9752.38,9840.9,9860.58,9752.38,8.96,0
05/11/2014,9841.88,9840.9,9903.88,9742.49,23.65,-0.06
04/11/2014,9778.61,9846.8,9880.26,9778.61,19.04,0.06
03/11/2014,9889.12,9840.9,9889.12,9672.96,8.97,-0.49
31/10/2014,9636.41,9889.12,9890.1,9594.88,58.84,3.07
30/10/2014,9503.75,9594.88,9594.88,9503.75,37.39,0.31
29/10/2014,9573.23,9565.36,9573.23,9459.27,9.08,0.21
28/10/2014,9575.15,9545.67,9575.15,9398.11,8,-0.31
27/10/2014,9545.67,9575.2,9575.2,9409.92,9,0.31
24/10/2014,9599.75,9545.67,9599.75,9476.84,11.84,-0.76
23/10/2014,9496.52,9618.5,9621.45,9496.52,5.19,0.14
22/10/2014,9624.35,9604.72,9624.35,9511.38,13.74,0.1
21/10/2014,9545.67,9594.88,9693.29,9506.31,22.07,0.52
20/10/2014,9506.36,9545.67,9570.28,9506.36,21.29,-0.26
17/10/2014,9594.88,9570.28,9594.88,9477.38,15.49,0.26
16/10/2014,9644.03,9545.67,9644.03,9379.36,48.92,-0.82
15/10/2014,9625.43,9624.4,9675.13,9496.52,98.75,-0.66
14/10/2014,9653.92,9688.37,9691.32,9469.95,24.58,0.66
13/10/2014,9535.83,9624.4,9654.02,9368.54,25.26,0.93
10/10/2014,9604.72,9535.83,9604.72,9375.43,25.64,-0.62
09/10/2014,9458.09,9594.88,9683.45,9458.09,28.85,2.74
08/10/2014,9250.45,9339.01,9348.86,9201.24,18.98,-1.04
07/10/2014,9250.45,9437.42,9437.42,9127.48,50.3,2.57
06/10/2014,9003.44,9201.24,9201.24,8955.27,21.12,3.89
03/10/2014,9194.35,8857.01,9250.4,8719.23,44.86,-5.25
02/10/2014,9605.16,9347.77,9605.16,9220.92,32,-2.14
01/10/2014,9732.65,9551.92,9831.06,9472.36,25.19,-1.96
30/09/2014,9634.24,9742.49,9742.49,9549.61,22.12,1.16
29/09/2014,9591.93,9630.8,9839.72,9369.57,18.42,1.1
26/09/2014,9502.72,9525.99,9572.98,9369.57,19.46,-0.72
25/09/2014,9599.31,9594.88,9722.76,9427.58,7.14,-0.05
24/09/2014,9608.01,9599.31,9627.84,9408.39,25.31,0.09
23/09/2014,9693.29,9590.94,9770.98,9576.18,13.35,-0.04
22/09/2014,9772.01,9595.12,9772.01,9581.2,22.72,-1.81
19/09/2014,9489.58,9772.01,9772.01,9220.83,320.01,3.44
18/09/2014,9633.85,9447.26,9633.85,9202.23,30.42,-1.43
17/09/2014,9476.39,9584.05,9679.41,9447.26,25.91,1.98
16/09/2014,9195.29,9398.06,9545.67,8916.74,33.6,2.47
15/09/2014,9347.87,9171.72,9347.87,9104.41,24.27,-1.89
12/09/2014,9709.97,9348.86,9710.02,9152.19,42.52,-3.47
11/09/2014,9831.11,9685.41,9877.75,9644.03,34.12,-1.48
10/09/2014,9919.63,9831.06,9924.5,9801.54,12.11,-0.89
09/09/2014,9926.81,9919.63,9926.81,9791.7,10.11,0
08/09/2014,9919.63,9919.63,9958.99,9752.33,32.9,0.8
05/09/2014,9839.92,9840.9,9988.46,9324.35,42.18,-0.99
04/09/2014,9348.86,9939.31,9939.31,9348.86,110.5,6.15
03/09/2014,8915.86,9363.57,9541.64,8906.01,71.61,6.12
02/09/2014,8618.25,8823.75,8843.22,8617.71,34.35,2.95
01/09/2014,8258.82,8570.53,8645.52,8206.28,45.53,3.53
29/08/2014,8083.56,8278.35,8278.35,7956.95,595.82,3.03
28/08/2014,8278.35,8034.87,8278.35,7918,51.18,-2.71
27/08/2014,8151.74,8258.87,8312.39,8151.74,45.83,0.89
26/08/2014,8180.96,8185.83,8288.09,8123.5,39.51,0.06
25/08/2014,8111.81,8180.96,8180.96,8098.17,33.88,1.82
22/08/2014,7910.21,8034.87,8073.83,7820.61,34.43,2.56
21/08/2014,7790.41,7834.24,7834.24,7664.83,36.52,1.18
20/08/2014,7890.97,7742.69,7908.55,7733.24,30.4,-1
19/08/2014,7820.61,7820.61,7898.52,7811.69,66.28,0.31
18/08/2014,7791.39,7796.26,7884.84,7752.67,55.77,0
14/08/2014,7596.6,7796.26,8151.69,7596.6,62,8.18
13/08/2014,7292.74,7207.03,7515.96,7158.34,15.7,-0.67
12/08/2014,7114.51,7255.73,7255.73,7002.46,11.9,1.98
11/08/2014,7168.08,7114.51,7255.63,6914.81,11.36,-0.65
08/08/2014,7260.65,7161.36,7343.38,7129.12,8.96,-2.83
07/08/2014,7324.93,7369.68,7450.51,7255.73,5.73,-0.43
06/08/2014,7363.88,7401.82,7410.58,7259.19,6.19,0.52
05/08/2014,7434.64,7363.83,7479.73,7363.01,8.78,-0.51
04/08/2014,7476.96,7401.82,7508.95,7362.86,6.48,-0.65
01/08/2014,7616.13,7450.51,7674.52,7411.56,8.12,-1.92
31/07/2014,7662.54,7596.6,7801.03,7596.6,9.25,-2.5
30/07/2014,7976.38,7791.39,7995.86,7664.78,12.5,-2.44
29/07/2014,7849.82,7986.17,8071.88,7801.47,8.84,2.12
28/07/2014,7840.08,7820.61,7878.89,7808.29,3.78,-0.62
25/07/2014,7847.88,7869.3,7986.22,7762.17,8.68,0.27
24/07/2014,7742.69,7847.88,7870.28,7655.04,3.54,1.36
23/07/2014,7684.26,7742.69,7742.69,7601.47,5.99,1.66
22/07/2014,7518.69,7616.08,7682.36,7518.69,4.36,0.26
21/07/2014,7732.95,7596.6,7732.95,7548.05,5.85,-0.64
18/07/2014,7499.16,7645.3,7706.46,7499.16,5.27,0.32
17/07/2014,7548.25,7620.95,7625.82,7450.51,7.02,0.32
16/07/2014,7567.39,7596.6,7689.08,7401.82,6.36,0.26
15/07/2014,7616.08,7577.17,7714.45,7577.17,2.8,1.04
14/07/2014,7730.03,7499.21,7796.26,7499.21,7.5,-3.75
11/07/2014,7586.86,7791.39,7791.39,7581.9,5.93,2.56
10/07/2014,7742.69,7596.6,7742.69,7407.22,10.43,-2.5
09/07/2014,7786.52,7791.39,7791.39,7523.61,7.66,0
08/07/2014,7883.91,7791.39,7883.91,7729.06,7.59,0
07/07/2014,7880.06,7791.39,7961.78,7771.96,5.47,-1.48
04/07/2014,8070.81,7908.26,8070.81,7908.26,2.91,-1.04
03/07/2014,8140.98,7991.04,8140.98,7900.52,11.08,-1.85
02/07/2014,7887.81,8142,8142,7791.39,6.8,3.22
01/07/2014,8132.26,7887.81,8132.5,7840.08,5.96,-3.58
30/06/2014,8132.26,8180.96,8229.12,8107.91,10.18,1.14
27/06/2014,8083.56,8088.53,8161.48,8018.46,2.63,-0.12
26/06/2014,8180.96,8098.37,8180.96,8093.3,3.97,-0.24
25/06/2014,8086.49,8118.14,8273.43,8083.52,4.54,-0.67
24/06/2014,8276.4,8172.68,8276.4,8162.45,12.57,-1.28
23/06/2014,8132.26,8278.35,8312.39,8116.73,11.81,-0.03
20/06/2014,7898.52,8280.78,8280.78,7898.52,17.45,4.71
18/06/2014,8161.48,7908.26,8161.48,7908.26,2.51,-2.17
17/06/2014,8086.1,8083.56,8166.3,7987.29,3.23,0
16/06/2014,8034.87,8083.56,8089.36,8034.87,2.47,-0.31
13/06/2014,8249.13,8108.89,8273.48,8087.56,3.79,-1.47
12/06/2014,8229.65,8229.65,8278.35,8083.56,4.01,0.59
11/06/2014,8215,8181.01,8253.66,8181.01,1.81,0
10/06/2014,8163.77,8180.96,8215.04,8112.83,7.37,0.21
09/06/2014,8346.43,8163.77,8346.52,8163.77,7.82,-1.96
06/06/2014,8278.35,8327.05,8327.05,8216.17,4.41,0.59
05/06/2014,8258.87,8278.35,8278.35,8180.91,7.72,0.24
04/06/2014,8133.23,8258.87,8261.79,8025.13,3.52,1.54
03/06/2014,8015.39,8133.23,8263.74,8015.39,17.19,1.72
02/06/2014,8083.52,7995.91,8083.52,7986.17,3.27,-1.68
30/05/2014,8064.09,8132.26,8132.26,7879.04,5.76,0.6
29/05/2014,7694,8083.56,8083.56,7694,8.2,4.86
28/05/2014,7937.52,7708.6,8005.8,7645.3,6.39,-2.88
27/05/2014,8083.56,7937.48,8179.98,7923.11,9.04,-2.14
26/05/2014,8253.03,8111.22,8273.43,7968.25,8.22,-0.38
23/05/2014,7987.19,8142.1,8267.64,7987.19,9.22,2.58
22/05/2014,7780.67,7937.48,8151.74,7733.2,5.79,3.03
21/05/2014,7698.91,7704.03,7752.43,7698.91,19.72,0.07
20/05/2014,7621.92,7698.86,7771.91,7621.92,3.81,0.32
19/05/2014,7684.26,7674.52,7718.15,7650.22,4.63,0.72
16/05/2014,7547.91,7619.49,7694.58,7547.91,8.24,0.3
15/05/2014,7694,7596.6,7694,7518.88,9.35,-2.76
14/05/2014,7647.3,7811.84,7837.11,7623,7.21,1.53
13/05/2014,7806,7694,7843.15,7450.47,7.86,-0.63
12/05/2014,7499.21,7742.69,7781.65,7499.21,4.63,3.25
09/05/2014,7720.29,7499.21,7840.08,7499.21,7.56,-1.28
08/05/2014,7771.91,7596.6,7771.91,7499.21,6.12,0
07/05/2014,7178.79,7596.6,7771.91,7172.95,11.05,5.82
06/05/2014,7138.86,7178.79,7197.29,7109.69,7.32,0.97
05/05/2014,7401.82,7109.64,7401.82,7041.47,4.36,-4.58
02/05/2014,7728.08,7450.51,7728.08,7450.51,1.56,-2.42
30/04/2014,7601.52,7635.56,7741.72,7596.6,2.15,0.45
29/04/2014,7684.26,7601.47,7859.51,7601.47,5.07,-0.06
28/04/2014,7580.05,7606.34,7691.51,7543.43,3.85,-1.15
25/04/2014,7693.02,7694.97,7694.97,7460.55,5.35,1.95
24/04/2014,7576.49,7547.91,7790.37,7401.82,8.04,0.23
23/04/2014,7791.39,7530.23,7869.3,7525.46,5.03,-3.05
22/04/2014,7635.56,7767.04,7883.91,7616.08,4.19,2.51
17/04/2014,7315.14,7577.12,7596.6,7315.14,42.03,3.05
16/04/2014,7781.65,7353.12,7867.06,7143.73,35.25,-5.51
15/04/2014,7791.34,7781.65,7859.51,7758.52,6.86,-0.37
14/04/2014,8034.87,7810.87,8075.33,7796.31,29.65,-3.66
11/04/2014,8082.59,8107.91,8190.11,7986.17,8.63,-0.54
10/04/2014,8307.57,8151.74,8375.74,8142,38.72,-1.87
09/04/2014,8375.74,8307.42,8400.09,8223.81,3.03,0.59
08/04/2014,8229.65,8258.87,8326.95,8147.94,24.34,0.36
07/04/2014,8443.82,8229.65,8443.92,8210.17,8.93,-2.87
04/04/2014,8156.61,8473.13,8502.35,8156.61,13.45,3.88
03/04/2014,8103.04,8156.61,8202.38,8056.34,8.37,0.66
02/04/2014,8565.66,8103.04,8565.66,8011.54,36.73,-4.37
01/04/2014,8663.1,8473.13,8812.98,8356.26,23.41,-2.12
31/03/2014,8765.31,8656.23,8823.75,8619.47,10.86,-0.66
28/03/2014,8767.26,8713.69,8814.06,8531.57,23.4,-0.59
27/03/2014,8735.12,8765.31,8872.44,8578.32,10.85,0.11
26/03/2014,8823.79,8755.57,8930.88,8745.83,8.48,-0.77
25/03/2014,8585.13,8823.75,8882.18,8585.13,29.09,3.43
24/03/2014,8450.73,8530.79,8530.79,8385.53,7.99,3.05
21/03/2014,8473.13,8278.35,8473.13,8133.72,134.45,-1.16
20/03/2014,8278.4,8375.74,8619.22,8229.75,6.5,1.18
19/03/2014,8327,8278.35,8365.95,8200.44,11.4,-0.01
18/03/2014,8407.88,8278.84,8414.65,8180.96,14.31,-0.11
17/03/2014,7995.91,8288.14,8413.53,7995.91,11.7,2.65
14/03/2014,8239.39,8073.83,8375.74,7898.62,25.29,-3.72
13/03/2014,8348.47,8385.48,8658.13,8348.47,23.39,-0.92
12/03/2014,8765.36,8463.39,8765.36,8279.32,7.84,-2.36
11/03/2014,8765.31,8667.92,8873.37,8667.92,4.87,-0.56
10/03/2014,8872.44,8716.62,8950.31,8716.62,3.08,-1.76
07/03/2014,9076.97,8872.44,9187.8,8872.44,18.25,-2.04
06/03/2014,8935.75,9057.49,9145.14,8926.01,4.29,1.75
05/03/2014,9310.71,8901.66,9388.62,8862.7,8.84,-3.79
04/03/2014,8960.1,9252.27,9252.27,8960.1,17.71,5.55
03/03/2014,9398.36,8765.55,9398.36,8765.55,12.88,-10
28/02/2014,9632.1,9739.23,9739.23,9544.01,11.68,2.56
27/02/2014,9427.63,9495.75,9700.28,9427.63,2.75,0.93
26/02/2014,9563.98,9408.1,9563.98,9360.38,3.88,-1.43
25/02/2014,9719.76,9544.45,9719.76,9509.78,1.97,-1.8
24/02/2014,9505.49,9719.76,9719.76,9505.49,5.88,2.25
21/02/2014,9447.2,9505.49,9593.15,9398.36,3.9,0.61
20/02/2014,9447.06,9448.03,9522.73,9276.62,4.26,0.01
19/02/2014,9447.06,9447.06,9544.45,9252.27,15.11,0.52
18/02/2014,9624.31,9398.36,9627.23,9388.82,2.85,-1.23
17/02/2014,9350.15,9515.23,9638.87,9350.15,2.38,1.45
14/02/2014,9154.78,9378.88,9378.88,9145,8.59,2.45
13/02/2014,9086.71,9154.88,9163.16,8942.57,6.21,1.52
12/02/2014,9153.42,9017.56,9203.58,9013.71,5,-1.48
11/02/2014,9018.53,9153.42,9170.12,8921.19,8.6,2.32
10/02/2014,8930.88,8945.49,8959.12,8882.23,4.22,-0.16
07/02/2014,8765.31,8960,8960,8756.55,5.3,2.22
06/02/2014,8716.62,8765.31,8945.54,8666.41,9.07,1.73